fNamn,lNamn,dNamn,tele,adress,postNr,stad,avdelning
Fredrik,Aspell,Fredrik Aspell,0707121001,Industrivägen 4,112 34,Stockholm,Konsult
Johanna,Svensson,Johanna Svensson,0707121002,Industrivägen 4,112 34,Stockholm,Konsult
Gunnar,Gudmundsson,Gunnar Gudmundsson,0707121003,Industrivägen 4,112 34,Stockholm,Konsult
Lars,Kristianssen,Lars Kristianssen,0707121004,Industrivägen 4,112 34,Stockholm,Konsult
Sven,Hedlund,Sven Hedlund,0707121005,Industrivägen 4,112 34,Stockholm,Konsult
Karolina,Andersson,Karolina Andersson,0707121006,Industrivägen 4,112 34,Stockholm,Konsult
Tommy,Hägglund,Tommy Hägglund,0707121007,Industrivägen 4,112 34,Stockholm,Konsult
Fredrik,Asplund,Fredrik Asplund,0707121008,Industrivägen 4,112 34,Stockholm,Konsult
Erik,Brodin,Erik Brodin,0707121009,Industrivägen 4,112 34,Stockholm,Chef
Thomas,Brolin,Thomas Brolin,0707121010,Industrivägen 4,112 34,Stockholm,Konsult
Henrik,Berglund,Henrik Berglund,0707121011,Industrivägen 4,112 34,Stockholm,Konsult
Tobias,Svensson,Tobias Svensson,0707121012,Industrivägen 4,112 34,Stockholm,Vaktis
Lina,Nilsson,Lina Nilsson,0707121013,Industrivägen 4,112 34,Stockholm,Seniorkonsult
Therese,Adhammar,Therese Adhammar,0707121014,Industrivägen 4,112 34,Stockholm,Seniorkonsult
Xerxes,Ahlmqvist,Xerxes Ahlmqvist,0707121015,Industrivägen 4,112 34,Stockholm,Seniorkonsult
Alexandra,Ahlgren,Alexandra Ahlgren,0707121016,Industrivägen 4,112 34,Stockholm,Seniorkonsult
Hanna,Bladh,Hanna Bladh,0707121017,Industrivägen 4,112 34,Stockholm,Ledning
Jill,Johansson,Jill Johansson,0707121018,Industrivägen 4,112 34,Stockholm,Seniorkonsult
Layla,Larsson,Layla Larsson,0707121019,Industrivägen 4,112 34,Stockholm,Ledning
Lisa,Hansson,Lisa Hansson,0707121020,Industrivägen 4,112 34,Stockholm,Seniorkonsult
Rebecca,Sandsten,Rebecca Sandsten,0707121021,Industrivägen 4,112 34,Stockholm,Ledning
Robert,Blom,Robert Blom,0707121022,Industrivägen 4,112 34,Stockholm,Säljare
Dan,Brown,Dan Brown,0707121023,Industrivägen 4,112 34,Stockholm,Säljare
Frida,Andersson,Frida Andersson,0707121024,Industrivägen 4,112 34,Stockholm,Säljare
Johan,Tollstorp,Johan Tollstorp,0707121025,Industrivägen 4,112 34,Stockholm,Säljare
Jojje,Holm,Jojje Holm,0707121026,Industrivägen 4,112 34,Stockholm,Säljare
Zhora,Aguide,Zhora Aguide,0707121027,Industrivägen 4,112 34,Stockholm,Säljare
Claes,Bäckström,Claes Bäckström,0707121028,Industrivägen 4,112 34,Stockholm,Säljare
Håkan,Ericsson,Håkan Ericsson,0707121029,Industrivägen 4,112 34,Stockholm,Säljare
Erik,Bladh,Erik Bladh,0707121030,Industrivägen 4,112 34,Stockholm,Säljare
Fox,Skinner,Fox Skinner,0707121031,Industrivägen 4,112 34,Stockholm,Säljare
Håkan,Garant,Håkan Garant,0707121032,Industrivägen 4,112 34,Stockholm,Konsult
Ida,Mlowe,Ida Mlowe,0707121033,Industrivägen 4,112 34,Stockholm,Konsult
Jenny,Schelin,Jenny Schelin,0707121034,Industrivägen 4,112 34,Stockholm,Konsult
Klas,Nilsson,Klas Nilsson,0707121035,Industrivägen 4,112 34,Stockholm,Konsult
Niklas,Klevhammar,Niklas Klevhammar,0707121036,Industrivägen 4,112 34,Stockholm,Konsult
Ola,Barthelsson,Ola Barthelsson,0707121037,Industrivägen 4,112 34,Stockholm,Konsult
Ramona,Larsson,Ramona Larsson,0707121038,Industrivägen 4,112 34,Stockholm,Konsult
Sarah,Skinner,Sarah Skinner,0707121039,Industrivägen 4,112 34,Stockholm,Konsult
Tina,Karlsson,Tina Karlsson,0707121040,Industrivägen 4,112 34,Stockholm,Konsult
Zeljko,Goja,Zeljko Goja,0707121041,Industrivägen 4,112 34,Stockholm,Konsult
Zemira,Goja,Zemira Goja,0707121042,Industrivägen 4,112 34,Stockholm,Konsult
Åza,Hedlund,Åza Hedlund,0707121043,Industrivägen 4,112 34,Stockholm,Konsult
Vivianne,Widén,Vivianne Widén,0707121044,Industrivägen 4,112 34,Stockholm,Konsult
Isabella,Sonnerblom,Isabella Sonnerblom,0707121045,Industrivägen 4,112 34,Stockholm,Konsult
Caroline,Hjärtfors,Caroline Hjärtfors,0707121046,Industrivägen 4,112 34,Stockholm,Konsult
Maja,Norling,Maja Norling,0707121047,Industrivägen 4,112 34,Stockholm,Konsult
Maja,Wenngren,Maja Wenngren,0707121048,Industrivägen 4,112 34,Stockholm,Konsult
Matilda,Andersson,Matilda Andersson,0707121049,Industrivägen 4,112 34,Stockholm,Konsult
Lisa,Bister,Lisa Bister,0707121050,Industrivägen 4,112 34,Stockholm,Konsult
Astrid,Olsson,Astrid Olsson,0707121051,Industrivägen 4,112 34,Stockholm,Seniorkonsult
Felicia,Ågren,Felicia Ågren,0707121052,Industrivägen 4,112 34,Stockholm,Seniorkonsult
Sita,Olsson,Sita Olsson,0707121053,Industrivägen 4,112 34,Stockholm,Konsult
Tove,Roslund,Tove Roslund,0707121054,Industrivägen 4,112 34,Stockholm,Konsult
Kristin,Melin,Kristin Melin,0707121055,Industrivägen 4,112 34,Stockholm,Konsult
Louise,Melin,Louise Melin,0707121056,Industrivägen 4,112 34,Stockholm,Konsult
Jessica,Eriksson,Jessica Eriksson,0707121057,Industrivägen 4,112 34,Stockholm,Konsult
Josefin,Büki,Josefin Büki,0707121058,Industrivägen 4,112 34,Stockholm,Konsult
Amelia,Kuorikoski,Amelia Kuorikoski,0707121059,Industrivägen 4,112 34,Stockholm,Konsult
Elsa,Widén,Elsa Widén,0707121060,Industrivägen 4,112 34,Stockholm,Konsult
Sanna,Allanson,Sanna Allanson,0707121061,Industrivägen 4,112 34,Stockholm,Konsult
Sarah,Jonsson,Sarah Jonsson,0707121062,Industrivägen 4,112 34,Stockholm,Konsult
Fanny,Elofsson,Fanny Elofsson,0707121063,Centralgatan 4,852 32,Sundsvall,Konsult
Josefine,Lissnils,Josefine Lissnils,0707121064,Centralgatan 4,852 32,Sundsvall,Konsult
Moa,Olsson,Moa Olsson,0707121065,Centralgatan 4,852 32,Sundsvall,Konsult
Tanja,Sheikhi,Tanja Sheikhi,0707121066,Centralgatan 4,852 32,Sundsvall,Konsult
Natalie,Björk,Natalie Björk,0707121067,Centralgatan 4,852 32,Sundsvall,Konsult
Moa,Lindgren,Moa Lindgren,0707121068,Centralgatan 4,852 32,Sundsvall,Konsult
Gabriella,Östlund-Sohlars,Gabriella Östlund-Sohlars,0707121069,Centralgatan 4,852 32,Sundsvall,Konsult
Katja,Drakenberg,Katja Drakenberg,0707121070,Centralgatan 4,852 32,Sundsvall,Konsult
Tilde,Åkerström,Tilde Åkerström,0707121071,Centralgatan 4,852 32,Sundsvall,Konsult
Alexandra,Brus-Spännar,Alexandra Brus-Spännar,0707121072,Centralgatan 4,852 32,Sundsvall,Konsult
Stina,Sinders,Stina Sinders,0707121073,Centralgatan 4,852 32,Sundsvall,Konsult
Emma,Backlund,Emma Backlund,0707121074,Centralgatan 4,852 32,Sundsvall,Konsult
Raspina,Gharibnavaz,Raspina Gharibnavaz,0707121075,Centralgatan 4,852 32,Sundsvall,Konsult
Josephine,Astner,Josephine Astner,0707121076,Centralgatan 4,852 32,Sundsvall,Konsult
Desiree,Persson,Desiree Persson,0707121077,Centralgatan 4,852 32,Sundsvall,Seniorkonsult
Minja,Lendahl,Minja Lendahl,0707121078,Centralgatan 4,852 32,Sundsvall,Seniorkonsult
Elinor,Adolfsson,Elinor Adolfsson,0707121079,Centralgatan 4,852 32,Sundsvall,Seniorkonsult
Johanna,Hed,Johanna Hed,0707121080,Centralgatan 4,852 32,Sundsvall,Seniorkonsult
Ulrika,Britte,Ulrika Britte,0707121081,Centralgatan 4,852 32,Sundsvall,Konsult
Karin,Petersson,Karin Petersson,0707121082,Centralgatan 4,852 32,Sundsvall,Konsult
Ida,Söderberg,Ida Söderberg,0707121083,Centralgatan 4,852 32,Sundsvall,Konsult
Joanna,Stålenheim,Joanna Stålenheim,0707121084,Centralgatan 4,852 32,Sundsvall,Konsult
Tove,Sundin,Tove Sundin,0707121085,Centralgatan 4,852 32,Sundsvall,Konsult
Annette,Zimmergren,Annette Zimmergren,0707121086,Centralgatan 4,852 32,Sundsvall,Konsult
Jekatariina,Jauria,Jekatariina Jauria,0707121087,Centralgatan 4,852 32,Sundsvall,Konsult
Julia,Willman,Julia Willman,0707121088,Centralgatan 4,852 32,Sundsvall,Vaktis
Isabelle,Ågren,Isabelle Ågren,0707121089,Centralgatan 4,852 32,Sundsvall,Ekonom
Guilia,Pino,Guilia Pino,0707121090,Centralgatan 4,852 32,Sundsvall,Ekonom
Felicia,Säfström,Felicia Säfström,0707121091,Centralgatan 4,852 32,Sundsvall,Säljare
Linnea,Olhans,Linnea Olhans,0707121092,Centralgatan 4,852 32,Sundsvall,Säljare
Elina,Rawet,Elina Rawet,0707121093,Centralgatan 4,852 32,Sundsvall,Säljare
Martina,Rawet,Martina Rawet,0707121094,Centralgatan 4,852 32,Sundsvall,Säljare
Jennie,Adolfsson,Jennie Adolfsson,0707121095,Centralgatan 4,852 32,Sundsvall,Säljare
Amalia,Malmskär,Amalia Malmskär,0707121096,Centralgatan 4,852 32,Sundsvall,Säljare
Cornelia,Göransson,Cornelia Göransson,0707121097,Centralgatan 4,852 32,Sundsvall,Säljare
Sara,Sundberg,Sara Sundberg,0707121098,Centralgatan 4,852 32,Sundsvall,Säljare
Victoria,Kämäräinen,Victoria Kämäräinen,0707121099,Centralgatan 4,852 32,Sundsvall,Säljare
Samantha,Hultgren,Samantha Hultgren,0707121100,Centralgatan 4,852 32,Sundsvall,Säljare
